,Estimate,Std. Error,z value,Pr(>|z|),aic,N
(Intercept),-10.6130292768249,6.97115654457421,-1.52242016213009,0.127903836051618,42.1388426750676,30
年齢,0.066119747467108,0.0557627756674676,1.18573271641646,0.235727870062823,,
血圧,0.0050323800336211,0.0452597857130507,0.111188772866196,0.911466654382377,,
肺活量,0.00225356948051514,0.00103987636479802,2.16715136222263,0.030223314621238,,

